月份,縣市代碼,縣市名稱,鄉鎮代碼,鄉鎮名稱,村里名稱,用電量_2012
7,63000,臺北市,6300100,松山區,民有里,--
7,63000,臺北市,6300100,松山區,東榮里,40
7,63000,臺北市,6300100,松山區,民福里,--
7,63000,臺北市,6300100,松山區,富錦里,--
7,63000,臺北市,6300100,松山區,精忠里,228
7,63000,臺北市,6300100,松山區,三民里,293
7,63000,臺北市,6300100,松山區,中華里,--
7,63000,臺北市,6300100,松山區,東昌里,--
7,63000,臺北市,6300100,松山區,龍田里,--
7,63000,臺北市,6300100,松山區,莊敬里,40
7,63000,臺北市,6300100,松山區,新益里,--
7,63000,臺北市,6300100,松山區,新東里,--
7,63000,臺北市,6300100,松山區,敦化里,2510931
7,63000,臺北市,6300100,松山區,吉仁里,1434280
7,63000,臺北市,6300100,松山區,復建里,1553933
7,63000,臺北市,6300100,松山區,復源里,1075068
7,63000,臺北市,6300100,松山區,中正里,2343448
7,63000,臺北市,6300100,松山區,中崙里,7175
7,63000,臺北市,6300100,松山區,松基里,--
7,63000,臺北市,6300100,松山區,富泰里,--
7,63000,臺北市,6300100,松山區,鵬程里,--
7,63000,臺北市,6300100,松山區,美仁里,--
7,63000,臺北市,6300100,松山區,新聚里,--
7,63000,臺北市,6300100,松山區,自強里,--
7,63000,臺北市,6300100,松山區,福成里,--
7,63000,臺北市,6300100,松山區,介壽里,--
7,63000,臺北市,6300100,松山區,東光里,3080
7,63000,臺北市,6300100,松山區,東勢里,5676
7,63000,臺北市,6300100,松山區,安平里,21720
7,63000,臺北市,6300100,松山區,復勢里,1338
7,63000,臺北市,6300100,松山區,吉祥里,2640
7,63000,臺北市,6300100,松山區,復盛里,17699
7,63000,臺北市,6300100,松山區,慈祐里,76519
7,63000,臺北市,6300200,信義區,興雅里,1045
7,63000,臺北市,6300200,信義區,敦厚里,912
7,63000,臺北市,6300200,信義區,中行里,772066
7,63000,臺北市,6300200,信義區,中坡里,559829
7,63000,臺北市,6300200,信義區,六藝里,576695
7,63000,臺北市,6300200,信義區,大仁里,985324
7,63000,臺北市,6300200,信義區,黎平里,2344900
7,63000,臺北市,6300200,信義區,五全里,1500427
7,63000,臺北市,6300200,信義區,大道里,1964777
7,63000,臺北市,6300200,信義區,松友里,1792702
7,63000,臺北市,6300200,信義區,松光里,1688344
7,63000,臺北市,6300200,信義區,廣居里,2750448
7,63000,臺北市,6300200,信義區,雙和里,1587772
7,63000,臺北市,6300200,信義區,永春里,1632423
7,63000,臺北市,6300200,信義區,四維里,1480635
7,63000,臺北市,6300200,信義區,黎順里,1566368
7,63000,臺北市,6300200,信義區,國業里,2312498
7,63000,臺北市,6300200,信義區,黎忠里,1450208
7,63000,臺北市,6300200,信義區,長春里,1465760
7,63000,臺北市,6300200,信義區,景勤里,1256051
7,63000,臺北市,6300200,信義區,景聯里,1382794
7,63000,臺北市,6300200,信義區,松隆里,547932
7,63000,臺北市,6300200,信義區,富台里,1455868
7,63000,臺北市,6300200,信義區,嘉興里,1190500
7,63000,臺北市,6300200,信義區,永吉里,4764
7,63000,臺北市,6300200,信義區,雅祥里,--
7,63000,臺北市,6300200,信義區,五常里,9680
7,63000,臺北市,6300200,信義區,三犁里,16760
7,63000,臺北市,6300200,信義區,四育里,5923
7,63000,臺北市,6300200,信義區,景新里,239
7,63000,臺北市,6300200,信義區,泰和里,1251
7,63000,臺北市,6300200,信義區,西村里,--
7,63000,臺北市,6300200,信義區,正和里,--
7,63000,臺北市,6300200,信義區,黎安里,464172
7,63000,臺北市,6300200,信義區,惠安里,3274
7,63000,臺北市,6300200,信義區,六合里,1919
7,63000,臺北市,6300200,信義區,三張里,5400
7,63000,臺北市,6300200,信義區,中興里,870471
7,63000,臺北市,6300200,信義區,興隆里,939939
7,63000,臺北市,6300200,信義區,安康里,5921601
7,63000,臺北市,6300200,信義區,新仁里,1745584
7,63000,臺北市,6300300,大安區,古莊里,2807127
7,63000,臺北市,6300300,大安區,光武里,4044527
7,63000,臺北市,6300300,大安區,建倫里,3457496
7,63000,臺北市,6300300,大安區,全安里,2083160
7,63000,臺北市,6300300,大安區,新龍里,1802458
7,63000,臺北市,6300300,大安區,龍淵里,2500281
7,63000,臺北市,6300300,大安區,龍生里,1981063
7,63000,臺北市,6300300,大安區,福住里,1972422
7,63000,臺北市,6300300,大安區,臨江里,1622935
7,63000,臺北市,6300300,大安區,建安里,3000174
7,63000,臺北市,6300300,大安區,法治里,1730345
7,63000,臺北市,6300300,大安區,龍圖里,2511954
7,63000,臺北市,6300300,大安區,龍陣里,1384462
7,63000,臺北市,6300300,大安區,古風里,1039007
7,63000,臺北市,6300300,大安區,車層里,3443605
7,63000,臺北市,6300300,大安區,龍門里,1497533
7,63000,臺北市,6300300,大安區,龍泉里,1731223
7,63000,臺北市,6300300,大安區,臥龍里,830179
7,63000,臺北市,6300300,大安區,錦安里,1197511
7,63000,臺北市,6300300,大安區,學府里,549326
7,63000,臺北市,6300300,大安區,錦泰里,923950
7,63000,臺北市,6300300,大安區,芳和里,2614
7,63000,臺北市,6300300,大安區,住安里,638967
7,63000,臺北市,6300300,大安區,錦華里,1621966
7,63000,臺北市,6300300,大安區,群賢里,699334
7,63000,臺北市,6300300,大安區,黎元里,411515
7,63000,臺北市,6300300,大安區,龍雲里,401633
7,63000,臺北市,6300300,大安區,義安里,2643961
7,63000,臺北市,6300300,大安區,民炤里,34616
7,63000,臺北市,6300300,大安區,仁慈里,3247
7,63000,臺北市,6300300,大安區,大學里,7592
7,63000,臺北市,6300300,大安區,光明里,1069
7,63000,臺北市,6300300,大安區,黎和里,4741
7,63000,臺北市,6300300,大安區,敦安里,2876833
7,63000,臺北市,6300300,大安區,敦煌里,2541381
7,63000,臺北市,6300300,大安區,群英里,--
7,63000,臺北市,6300300,大安區,和安里,40
7,63000,臺北市,6300300,大安區,義村里,2216522
7,63000,臺北市,6300300,大安區,德安里,--
7,63000,臺北市,6300300,大安區,龍安里,18328
7,63000,臺北市,6300300,大安區,龍坡里,80
7,63000,臺北市,6300300,大安區,黎孝里,2428
7,63000,臺北市,6300300,大安區,華聲里,3424
7,63000,臺北市,6300300,大安區,仁愛里,24010
7,63000,臺北市,6300300,大安區,虎嘯里,14391
7,63000,臺北市,6300300,大安區,永康里,113198
7,63000,臺北市,6300300,大安區,正聲里,21440
7,63000,臺北市,6300300,大安區,通安里,2072581
7,63000,臺北市,6300300,大安區,通化里,2402446
7,63000,臺北市,6300300,大安區,誠安里,1151707
7,63000,臺北市,6300300,大安區,昌隆里,1327883
7,63000,臺北市,6300300,大安區,光信里,1543212
7,63000,臺北市,6300300,大安區,民輝里,3725184
7,63000,臺北市,6300400,中山區,中吉里,40
7,63000,臺北市,6300400,中山區,中原里,692
7,63000,臺北市,6300400,中山區,江山里,1268
7,63000,臺北市,6300400,中山區,朱馥里,1033
7,63000,臺北市,6300400,中山區,江寧里,--
7,63000,臺北市,6300400,中山區,民安里,1336985
7,63000,臺北市,6300400,中山區,大直里,3046659
7,63000,臺北市,6300400,中山區,中央里,1827
7,63000,臺北市,6300400,中山區,新庄里,1657005
7,63000,臺北市,6300400,中山區,中山里,2677979
7,63000,臺北市,6300400,中山區,晴光里,2655672
7,63000,臺北市,6300400,中山區,大佳里,2423
7,63000,臺北市,6300400,中山區,恆安里,2451745
7,63000,臺北市,6300400,中山區,金泰里,3919945
7,63000,臺北市,6300400,中山區,中庄里,2096725
7,63000,臺北市,6300400,中山區,松江里,1330293
7,63000,臺北市,6300400,中山區,朱崙里,1520706
7,63000,臺北市,6300400,中山區,康樂里,1511684
7,63000,臺北市,6300400,中山區,新福里,980254
7,63000,臺北市,6300400,中山區,劍潭里,1174796
7,63000,臺北市,6300400,中山區,力行里,1319006
7,63000,臺北市,6300400,中山區,正守里,1386438
7,63000,臺北市,6300400,中山區,正義里,3424802
7,63000,臺北市,6300400,中山區,圓山里,1624
7,63000,臺北市,6300400,中山區,集英里,49636
7,63000,臺北市,6300400,中山區,行政里,17248
7,63000,臺北市,6300400,中山區,下埤里,--
7,63000,臺北市,6300400,中山區,興亞里,909
7,63000,臺北市,6300400,中山區,正得里,20927
7,63000,臺北市,6300400,中山區,聚葉里,--
7,63000,臺北市,6300400,中山區,新喜里,--
7,63000,臺北市,6300400,中山區,龍洲里,--
7,63000,臺北市,6300400,中山區,行仁里,--
7,63000,臺北市,6300400,中山區,行孝里,--
7,63000,臺北市,6300400,中山區,新生里,11200
7,63000,臺北市,6300400,中山區,復華里,--
7,63000,臺北市,6300400,中山區,北安里,659945
7,63000,臺北市,6300400,中山區,聚盛里,369856
7,63000,臺北市,6300400,中山區,朱園里,55796
7,63000,臺北市,6300400,中山區,埤頭里,896867
7,63000,臺北市,6300400,中山區,成功里,4124483
7,63000,臺北市,6300400,中山區,永安里,3923979
7,63000,臺北市,6300500,中正區,三愛里,3016756
7,63000,臺北市,6300500,中正區,忠勤里,1652534
7,63000,臺北市,6300500,中正區,頂東里,2166207
7,63000,臺北市,6300500,中正區,新營里,2573705
7,63000,臺北市,6300500,中正區,河堤里,1546591
7,63000,臺北市,6300500,中正區,黎明里,2325401
7,63000,臺北市,6300500,中正區,文祥里,2135439
7,63000,臺北市,6300500,中正區,愛國里,900095
7,63000,臺北市,6300500,中正區,梅花里,2293963
7,63000,臺北市,6300500,中正區,廈安里,859019
7,63000,臺北市,6300500,中正區,螢雪里,1358412
7,63000,臺北市,6300500,中正區,南門里,814630
7,63000,臺北市,6300500,中正區,建國里,240350
7,63000,臺北市,6300500,中正區,文北里,646813
7,63000,臺北市,6300500,中正區,永昌里,1582
7,63000,臺北市,6300500,中正區,幸福里,120
7,63000,臺北市,6300500,中正區,永功里,2859
7,63000,臺北市,6300500,中正區,林興里,698
7,63000,臺北市,6300500,中正區,水源里,3236
7,63000,臺北市,6300500,中正區,富水里,97
7,63000,臺北市,6300500,中正區,文盛里,--
7,63000,臺北市,6300500,中正區,龍興里,--
7,63000,臺北市,6300500,中正區,龍光里,--
7,63000,臺北市,6300500,中正區,龍福里,--
7,63000,臺北市,6300500,中正區,東門里,--
7,63000,臺北市,6300500,中正區,南福里,20633
7,63000,臺北市,6300500,中正區,板溪里,197724
7,63000,臺北市,6300500,中正區,光復里,197501
7,63000,臺北市,6300500,中正區,幸市里,39897
7,63000,臺北市,6300500,中正區,網溪里,925792
7,63000,臺北市,6300500,中正區,螢圃里,1408136
7,63000,臺北市,6300600,大同區,至聖里,1291142
7,63000,臺北市,6300600,大同區,光能里,1400335
7,63000,臺北市,6300600,大同區,星明里,1539999
7,63000,臺北市,6300600,大同區,朝陽里,1757081
7,63000,臺北市,6300600,大同區,永樂里,2042094
7,63000,臺北市,6300600,大同區,民權里,1826602
7,63000,臺北市,6300600,大同區,重慶里,1763953
7,63000,臺北市,6300600,大同區,雙連里,2249661
7,63000,臺北市,6300600,大同區,保安里,1153627
7,63000,臺北市,6300600,大同區,國慶里,1095193
7,63000,臺北市,6300600,大同區,玉泉里,703142
7,63000,臺北市,6300600,大同區,建功里,701069
7,63000,臺北市,6300600,大同區,延平里,1175
7,63000,臺北市,6300600,大同區,建泰里,120
7,63000,臺北市,6300600,大同區,南芳里,--
7,63000,臺北市,6300600,大同區,隆和里,--
7,63000,臺北市,6300600,大同區,蓬萊里,--
7,63000,臺北市,6300600,大同區,揚雅里,--
7,63000,臺北市,6300600,大同區,景星里,821
7,63000,臺北市,6300600,大同區,建明里,14040
7,63000,臺北市,6300600,大同區,國順里,24310
7,63000,臺北市,6300600,大同區,大有里,31747
7,63000,臺北市,6300600,大同區,斯文里,12400
7,63000,臺北市,6300600,大同區,老師里,1477762
7,63000,臺北市,6300600,大同區,鄰江里,1684300
7,63000,臺北市,6300700,萬華區,華江里,2302504
7,63000,臺北市,6300700,萬華區,新和里,1835974
7,63000,臺北市,6300700,萬華區,糖廍里,1614736
7,63000,臺北市,6300700,萬華區,錦德里,1605639
7,63000,臺北市,6300700,萬華區,綠堤里,1124239
7,63000,臺北市,6300700,萬華區,頂碩里,2174837
7,63000,臺北市,6300700,萬華區,忠德里,1182100
7,63000,臺北市,6300700,萬華區,富福里,1313313
7,63000,臺北市,6300700,萬華區,萬壽里,1481074
7,63000,臺北市,6300700,萬華區,新安里,1028417
7,63000,臺北市,6300700,萬華區,柳鄉里,909268
7,63000,臺北市,6300700,萬華區,騰雲里,830769
7,63000,臺北市,6300700,萬華區,新忠里,748664
7,63000,臺北市,6300700,萬華區,凌霄里,997332
7,63000,臺北市,6300700,萬華區,青山里,826196
7,63000,臺北市,6300700,萬華區,雙園里,1279827
7,63000,臺北市,6300700,萬華區,仁德里,520954
7,63000,臺北市,6300700,萬華區,忠貞里,1123650
7,63000,臺北市,6300700,萬華區,菜園里,877053
7,63000,臺北市,6300700,萬華區,富民里,218344
7,63000,臺北市,6300700,萬華區,孝德里,281007
7,63000,臺北市,6300700,萬華區,福音里,471032
7,63000,臺北市,6300700,萬華區,日祥里,97232
7,63000,臺北市,6300700,萬華區,福星里,6210
7,63000,臺北市,6300700,萬華區,和平里,1567
7,63000,臺北市,6300700,萬華區,華中里,--
7,63000,臺北市,6300700,萬華區,新起里,--
7,63000,臺北市,6300700,萬華區,日善里,749
7,63000,臺北市,6300700,萬華區,全德里,--
7,63000,臺北市,6300700,萬華區,保德里,--
7,63000,臺北市,6300700,萬華區,銘德里,--
7,63000,臺北市,6300700,萬華區,榮德里,83921
7,63000,臺北市,6300700,萬華區,壽德里,--
7,63000,臺北市,6300700,萬華區,興德里,--
7,63000,臺北市,6300700,萬華區,和德里,5004
7,63000,臺北市,6300700,萬華區,西門里,1177837
7,63000,臺北市,6300800,文山區,華興里,527973
7,63000,臺北市,6300800,文山區,試院里,--
7,63000,臺北市,6300800,文山區,明義里,997097
7,63000,臺北市,6300800,文山區,木新里,2389571
7,63000,臺北市,6300800,文山區,興得里,--
7,63000,臺北市,6300800,文山區,萬美里,2007296
7,63000,臺北市,6300800,文山區,萬芳里,2393382
7,63000,臺北市,6300800,文山區,樟林里,2075990
7,63000,臺北市,6300800,文山區,順興里,1769551
7,63000,臺北市,6300800,文山區,樟腳里,1464818
7,63000,臺北市,6300800,文山區,明興里,1816876
7,63000,臺北市,6300800,文山區,木柵里,2747741
7,63000,臺北市,6300800,文山區,興家里,1866222
7,63000,臺北市,6300800,文山區,樟樹里,1213867
7,63000,臺北市,6300800,文山區,樟文里,1552938
7,63000,臺北市,6300800,文山區,樟新里,1407653
7,63000,臺北市,6300800,文山區,忠順里,1144176
7,63000,臺北市,6300800,文山區,興光里,305041
7,63000,臺北市,6300800,文山區,興昌里,188779
7,63000,臺北市,6300800,文山區,萬隆里,--
7,63000,臺北市,6300800,文山區,萬祥里,--
7,63000,臺北市,6300800,文山區,萬年里,--
7,63000,臺北市,6300800,文山區,萬和里,--
7,63000,臺北市,6300800,文山區,萬盛里,--
7,63000,臺北市,6300800,文山區,興豐里,--
7,63000,臺北市,6300800,文山區,景行里,7017
7,63000,臺北市,6300800,文山區,景東里,--
7,63000,臺北市,6300800,文山區,景美里,--
7,63000,臺北市,6300800,文山區,景仁里,--
7,63000,臺北市,6300800,文山區,景華里,--
7,63000,臺北市,6300800,文山區,萬有里,--
7,63000,臺北市,6300800,文山區,興業里,--
7,63000,臺北市,6300800,文山區,興安里,--
7,63000,臺北市,6300800,文山區,興福里,--
7,63000,臺北市,6300800,文山區,興旺里,--
7,63000,臺北市,6300800,文山區,興泰里,--
7,63000,臺北市,6300800,文山區,興邦里,12960
7,63000,臺北市,6300800,文山區,景慶里,314
7,63000,臺北市,6300800,文山區,老泉里,186072
7,63000,臺北市,6300800,文山區,博嘉里,1697364
7,63000,臺北市,6300800,文山區,指南里,1134506
7,63000,臺北市,6300800,文山區,政大里,2457901
7,63000,臺北市,6300800,文山區,萬興里,2795242
7,63000,臺北市,6300900,南港區,玉成里,1400
7,63000,臺北市,6300900,南港區,西新里,470989
7,63000,臺北市,6300900,南港區,東新里,1632420
7,63000,臺北市,6300900,南港區,南港里,1468345
7,63000,臺北市,6300900,南港區,合成里,2424619
7,63000,臺北市,6300900,南港區,鴻福里,1378920
7,63000,臺北市,6300900,南港區,聯成里,1385839
7,63000,臺北市,6300900,南港區,重陽里,1673962
7,63000,臺北市,6300900,南港區,萬福里,1430678
7,63000,臺北市,6300900,南港區,百福里,1360628
7,63000,臺北市,6300900,南港區,成福里,1573513
7,63000,臺北市,6300900,南港區,東明里,1524758
7,63000,臺北市,6300900,南港區,新富里,60207
7,63000,臺北市,6300900,南港區,新光里,881
7,63000,臺北市,6300900,南港區,舊莊里,4941
7,63000,臺北市,6300900,南港區,中研里,--
7,63000,臺北市,6300900,南港區,九如里,--
7,63000,臺北市,6300900,南港區,仁福里,1449759
7,63000,臺北市,6300900,南港區,中南里,36470
7,63000,臺北市,6300900,南港區,三重里,1664233
7,63000,臺北市,6301000,內湖區,週美里,326626
7,63000,臺北市,6301000,內湖區,行善里,1317
7,63000,臺北市,6301000,內湖區,湖元里,2775000
7,63000,臺北市,6301000,內湖區,石潭里,301937
7,63000,臺北市,6301000,內湖區,港富里,2785299
7,63000,臺北市,6301000,內湖區,紫陽里,2381117
7,63000,臺北市,6301000,內湖區,瑞陽里,2351296
7,63000,臺北市,6301000,內湖區,湖濱里,2698618
7,63000,臺北市,6301000,內湖區,湖興里,2183055
7,63000,臺北市,6301000,內湖區,瑞光里,1217807
7,63000,臺北市,6301000,內湖區,內湖里,2109055
7,63000,臺北市,6301000,內湖區,麗山里,1976346
7,63000,臺北市,6301000,內湖區,港華里,2501104
7,63000,臺北市,6301000,內湖區,西安里,1986554
7,63000,臺北市,6301000,內湖區,港都里,1783061
7,63000,臺北市,6301000,內湖區,金瑞里,764516
7,63000,臺北市,6301000,內湖區,金龍里,137095
7,63000,臺北市,6301000,內湖區,寶湖里,93564
7,63000,臺北市,6301000,內湖區,葫洲里,--
7,63000,臺北市,6301000,內湖區,金湖里,158
7,63000,臺北市,6301000,內湖區,康寧里,--
7,63000,臺北市,6301000,內湖區,明湖里,--
7,63000,臺北市,6301000,內湖區,蘆洲里,--
7,63000,臺北市,6301000,內湖區,安湖里,--
7,63000,臺北市,6301000,內湖區,秀湖里,13769
7,63000,臺北市,6301000,內湖區,安泰里,--
7,63000,臺北市,6301000,內湖區,五分里,--
7,63000,臺北市,6301000,內湖區,東湖里,--
7,63000,臺北市,6301000,內湖區,樂康里,--
7,63000,臺北市,6301000,內湖區,內溝里,--
7,63000,臺北市,6301000,內湖區,紫雲里,--
7,63000,臺北市,6301000,內湖區,清白里,--
7,63000,臺北市,6301000,內湖區,紫星里,2587
7,63000,臺北市,6301000,內湖區,大湖里,--
7,63000,臺北市,6301000,內湖區,南湖里,--
7,63000,臺北市,6301000,內湖區,碧山里,4687
7,63000,臺北市,6301000,內湖區,港墘里,2673096
7,63000,臺北市,6301000,內湖區,西康里,4166200
7,63000,臺北市,6301000,內湖區,西湖里,2986617
7,63000,臺北市,6301100,士林區,社新里,749
7,63000,臺北市,6301100,士林區,社子里,6240
7,63000,臺北市,6301100,士林區,社園里,655367
7,63000,臺北市,6301100,士林區,永倫里,1156599
7,63000,臺北市,6301100,士林區,百齡里,1799945
7,63000,臺北市,6301100,士林區,後港里,2585064
7,63000,臺北市,6301100,士林區,福佳里,2826521
7,63000,臺北市,6301100,士林區,福華里,1663733
7,63000,臺北市,6301100,士林區,福志里,2577610
7,63000,臺北市,6301100,士林區,承德里,1980938
7,63000,臺北市,6301100,士林區,明勝里,1424185
7,63000,臺北市,6301100,士林區,福中里,1893876
7,63000,臺北市,6301100,士林區,富光里,1476845
7,63000,臺北市,6301100,士林區,福順里,1538808
7,63000,臺北市,6301100,士林區,福德里,1947542
7,63000,臺北市,6301100,士林區,葫蘆里,1941674
7,63000,臺北市,6301100,士林區,葫東里,1157616
7,63000,臺北市,6301100,士林區,前港里,1518996
7,63000,臺北市,6301100,士林區,舊佳里,2059677
7,63000,臺北市,6301100,士林區,仁勇里,1853846
7,63000,臺北市,6301100,士林區,臨溪里,1864694
7,63000,臺北市,6301100,士林區,福安里,1045933
7,63000,臺北市,6301100,士林區,翠山里,754508
7,63000,臺北市,6301100,士林區,平等里,--
7,63000,臺北市,6301100,士林區,公館里,40
7,63000,臺北市,6301100,士林區,新安里,--
7,63000,臺北市,6301100,士林區,德行里,20154
7,63000,臺北市,6301100,士林區,德華里,651
7,63000,臺北市,6301100,士林區,聖山里,--
7,63000,臺北市,6301100,士林區,忠誠里,--
7,63000,臺北市,6301100,士林區,三玉里,5909
7,63000,臺北市,6301100,士林區,蘭雅里,--
7,63000,臺北市,6301100,士林區,蘭興里,--
7,63000,臺北市,6301100,士林區,天福里,--
7,63000,臺北市,6301100,士林區,天祿里,--
7,63000,臺北市,6301100,士林區,天壽里,--
7,63000,臺北市,6301100,士林區,天和里,--
7,63000,臺北市,6301100,士林區,天山里,6110
7,63000,臺北市,6301100,士林區,天玉里,--
7,63000,臺北市,6301100,士林區,名山里,676
7,63000,臺北市,6301100,士林區,天母里,539
7,63000,臺北市,6301100,士林區,芝山里,136217
7,63000,臺北市,6301100,士林區,岩山里,161373
7,63000,臺北市,6301100,士林區,溪山里,505016
7,63000,臺北市,6301100,士林區,菁山里,321523
7,63000,臺北市,6301100,士林區,義信里,1443711
7,63000,臺北市,6301100,士林區,富洲里,1338972
7,63000,臺北市,6301100,士林區,永福里,404419
7,63000,臺北市,6301100,士林區,東山里,64320
7,63000,臺北市,6301100,士林區,陽明里,1509864
7,63000,臺北市,6301100,士林區,福林里,1239400
7,63000,臺北市,6301200,北投區,文化里,1532
7,63000,臺北市,6301200,北投區,長安里,1111207
7,63000,臺北市,6301200,北投區,智仁里,954363
7,63000,臺北市,6301200,北投區,中心里,1740452
7,63000,臺北市,6301200,北投區,洲美里,--
7,63000,臺北市,6301200,北投區,林泉里,1026605
7,63000,臺北市,6301200,北投區,中庸里,1266570
7,63000,臺北市,6301200,北投區,開明里,1851184
7,63000,臺北市,6301200,北投區,中和里,381429
7,63000,臺北市,6301200,北投區,稻香里,--
7,63000,臺北市,6301200,北投區,永和里,56682
7,63000,臺北市,6301200,北投區,八仙里,5680
7,63000,臺北市,6301200,北投區,中央里,4073
7,63000,臺北市,6301200,北投區,大屯里,--
7,63000,臺北市,6301200,北投區,關渡里,--
7,63000,臺北市,6301200,北投區,清江里,120
7,63000,臺北市,6301200,北投區,豐年里,--
7,63000,臺北市,6301200,北投區,永欣里,--
7,63000,臺北市,6301200,北投區,永明里,--
7,63000,臺北市,6301200,北投區,東華里,40
7,63000,臺北市,6301200,北投區,吉利里,--
7,63000,臺北市,6301200,北投區,吉慶里,227
7,63000,臺北市,6301200,北投區,尊賢里,--
7,63000,臺北市,6301200,北投區,立賢里,--
7,63000,臺北市,6301200,北投區,立農里,2382
7,63000,臺北市,6301200,北投區,建民里,--
7,63000,臺北市,6301200,北投區,文林里,--
7,63000,臺北市,6301200,北投區,石牌里,--
7,63000,臺北市,6301200,北投區,福興里,--
7,63000,臺北市,6301200,北投區,榮光里,--
7,63000,臺北市,6301200,北投區,榮華里,--
7,63000,臺北市,6301200,北投區,裕民里,--
7,63000,臺北市,6301200,北投區,振華里,--
7,63000,臺北市,6301200,北投區,桃源里,422
7,63000,臺北市,6301200,北投區,秀山里,2873
7,63000,臺北市,6301200,北投區,一德里,2141
7,63000,臺北市,6301200,北投區,大同里,22250
7,63000,臺北市,6301200,北投區,湖田里,217804
7,63000,臺北市,6301200,北投區,泉源里,641555
7,63000,臺北市,6301200,北投區,溫泉里,1802682
7,63000,臺北市,6301200,北投區,湖山里,696380
7,63000,臺北市,6301200,北投區,奇岩里,2957102
